"beer_expert","avg_wage"
1,"4835.4095736434108527"
0,"4793.8254455445544554"
